timeStamp,elapsed,label,responseCode,responseMessage,threadName,dataType,success,failureMessage,bytes,sentBytes,grpThreads,allThreads,URL,Latency,IdleTime,Connect
1680194225432,3502,HTTP Request,200,OK,newuser 1-13,text,true,,71171,116,100,100,https://www.shohoz.com/,3140,0,561
1680194225651,3703,HTTP Request,200,OK,newuser 1-24,text,true,,71167,116,99,99,https://www.shohoz.com/,3114,0,398
1680194225327,4633,HTTP Request,200,OK,newuser 1-1,text,true,,71167,116,98,98,https://www.shohoz.com/,3936,0,714
1680194225392,4791,HTTP Request,200,OK,newuser 1-11,text,true,,71161,116,97,97,https://www.shohoz.com/,3478,0,646
1680194225327,5197,HTTP Request,200,OK,newuser 1-7,text,true,,71169,116,96,96,https://www.shohoz.com/,3609,0,693
1680194225328,5448,HTTP Request,200,OK,newuser 1-6,text,true,,71167,116,95,95,https://www.shohoz.com/,3679,0,673
1680194225327,6569,HTTP Request,200,OK,newuser 1-2,text,true,,71172,116,94,94,https://www.shohoz.com/,3202,0,664
1680194225693,7375,HTTP Request,200,OK,newuser 1-26,text,true,,71165,116,93,93,https://www.shohoz.com/,3313,0,295
1680194227179,6958,HTTP Request,200,OK,newuser 1-100,text,true,,71165,116,92,92,https://www.shohoz.com/,5411,0,192
1680194225493,8772,HTTP Request,200,OK,newuser 1-16,text,true,,71177,116,91,91,https://www.shohoz.com/,3335,0,507
1680194227061,7267,HTTP Request,200,OK,newuser 1-94,text,true,,71169,116,90,90,https://www.shohoz.com/,5014,0,195
1680194225616,8735,HTTP Request,200,OK,newuser 1-22,text,true,,71169,116,89,89,https://www.shohoz.com/,4228,0,425
1680194226646,8169,HTTP Request,200,OK,newuser 1-73,text,true,,71169,116,88,88,https://www.shohoz.com/,5629,0,200
1680194225633,9209,HTTP Request,200,OK,newuser 1-23,text,true,,71167,116,87,87,https://www.shohoz.com/,5040,0,383
1680194226101,8797,HTTP Request,200,OK,newuser 1-46,text,true,,71169,116,86,86,https://www.shohoz.com/,4698,0,216
1680194226567,8533,HTTP Request,200,OK,newuser 1-69,text,true,,71167,116,85,85,https://www.shohoz.com/,5292,0,286
1680194225534,9732,HTTP Request,200,OK,newuser 1-18,text,true,,71175,116,84,84,https://www.shohoz.com/,4470,0,483
1680194226427,9038,HTTP Request,200,OK,newuser 1-62,text,true,,71174,116,83,83,https://www.shohoz.com/,4379,0,190
1680194226724,8852,HTTP Request,200,OK,newuser 1-77,text,true,,71167,116,82,82,https://www.shohoz.com/,4943,0,204
1680194226666,9012,HTTP Request,200,OK,newuser 1-74,text,true,,71169,116,81,81,https://www.shohoz.com/,5090,0,197
1680194226185,9537,HTTP Request,200,OK,newuser 1-50,text,true,,71165,116,80,80,https://www.shohoz.com/,5181,0,201
1680194226910,8844,HTTP Request,200,OK,newuser 1-86,text,true,,71167,116,79,79,https://www.shohoz.com/,5150,0,212
1680194225328,10562,HTTP Request,200,OK,newuser 1-5,text,true,,71167,116,78,78,https://www.shohoz.com/,3628,0,663
1680194227080,8863,HTTP Request,200,OK,newuser 1-95,text,true,,71175,116,77,77,https://www.shohoz.com/,6056,0,189
1680194225374,10585,HTTP Request,200,OK,newuser 1-10,text,true,,71169,116,76,76,https://www.shohoz.com/,4484,0,624
1680194226251,9709,HTTP Request,200,OK,newuser 1-53,text,true,,71175,116,76,76,https://www.shohoz.com/,4161,0,207
1680194226123,9976,HTTP Request,200,OK,newuser 1-47,text,true,,71169,116,74,74,https://www.shohoz.com/,5506,0,201
1680194225979,10212,HTTP Request,200,OK,newuser 1-36,text,true,,71173,116,73,73,https://www.shohoz.com/,6685,0,219
1680194227140,9098,HTTP Request,200,OK,newuser 1-98,text,true,,71169,116,72,72,https://www.shohoz.com/,4562,0,187
1680194226008,10352,HTTP Request,200,OK,newuser 1-42,text,true,,71161,116,71,71,https://www.shohoz.com/,7164,0,207
1680194226326,10061,HTTP Request,200,OK,newuser 1-57,text,true,,71175,116,70,70,https://www.shohoz.com/,7467,0,194
1680194226404,10034,HTTP Request,200,OK,newuser 1-61,text,true,,71169,116,69,69,https://www.shohoz.com/,4870,0,205
1680194226486,9957,HTTP Request,200,OK,newuser 1-65,text,true,,71161,116,68,68,https://www.shohoz.com/,6411,0,193
1680194226747,9808,HTTP Request,200,OK,newuser 1-78,text,true,,71175,116,67,67,https://www.shohoz.com/,5899,0,196
1680194226079,10479,HTTP Request,200,OK,newuser 1-45,text,true,,71169,116,66,66,https://www.shohoz.com/,7431,0,211
1680194226392,10278,HTTP Request,200,OK,newuser 1-60,text,true,,71167,116,65,65,https://www.shohoz.com/,7444,0,188
1680194225412,11274,HTTP Request,200,OK,newuser 1-12,text,true,,71161,116,64,64,https://www.shohoz.com/,9531,0,637
1680194226157,10540,HTTP Request,200,OK,newuser 1-48,text,true,,71169,116,63,63,https://www.shohoz.com/,7020,0,209
1680194226683,10037,HTTP Request,200,OK,newuser 1-75,text,true,,71169,116,62,62,https://www.shohoz.com/,5496,0,195
1680194226862,9859,HTTP Request,200,OK,newuser 1-84,text,true,,71161,116,61,61,https://www.shohoz.com/,5551,0,197
1680194225514,11233,HTTP Request,200,OK,newuser 1-17,text,true,,71161,116,60,60,https://www.shohoz.com/,9408,0,532
1680194225328,11553,HTTP Request,200,OK,newuser 1-4,text,true,,71161,116,59,59,https://www.shohoz.com/,6663,0,684
1680194226884,10035,HTTP Request,200,OK,newuser 1-85,text,true,,71169,116,58,58,https://www.shohoz.com/,5870,0,193
1680194227121,9800,HTTP Request,200,OK,newuser 1-97,text,true,,71161,116,58,58,https://www.shohoz.com/,4911,0,195
1680194225331,11690,HTTP Request,200,OK,newuser 1-8,text,true,,71167,116,56,56,https://www.shohoz.com/,3686,0,687
1680194225980,11046,HTTP Request,200,OK,newuser 1-37,text,true,,71167,116,55,55,https://www.shohoz.com/,9053,0,209
1680194226807,10230,HTTP Request,200,OK,newuser 1-81,text,true,,71169,116,54,54,https://www.shohoz.com/,5374,0,190
1680194226307,10735,HTTP Request,200,OK,newuser 1-56,text,true,,71169,116,53,53,https://www.shohoz.com/,4429,0,197
1680194225594,11588,HTTP Request,200,OK,newuser 1-21,text,true,,71167,116,52,52,https://www.shohoz.com/,4024,0,425
1680194225858,11355,HTTP Request,200,OK,newuser 1-30,text,true,,71167,116,51,51,https://www.shohoz.com/,5772,0,289
1680194226547,10717,HTTP Request,200,OK,newuser 1-68,text,true,,71165,116,50,50,https://www.shohoz.com/,7656,0,195
1680194225860,11469,HTTP Request,200,OK,newuser 1-31,text,true,,71167,116,49,49,https://www.shohoz.com/,6517,0,250
1680194225457,11913,HTTP Request,200,OK,newuser 1-14,text,true,,71167,116,48,48,https://www.shohoz.com/,9676,0,559
1680194225984,11473,HTTP Request,200,OK,newuser 1-40,text,true,,71173,116,47,47,https://www.shohoz.com/,7990,0,213
1680194226703,10791,HTTP Request,200,OK,newuser 1-76,text,true,,71169,116,46,46,https://www.shohoz.com/,7529,0,197
1680194225353,12153,HTTP Request,200,OK,newuser 1-9,text,true,,71167,116,45,45,https://www.shohoz.com/,9718,0,664
1680194225712,11838,HTTP Request,200,OK,newuser 1-27,text,true,,71169,116,44,44,https://www.shohoz.com/,4463,0,307
1680194227021,10539,HTTP Request,200,OK,newuser 1-92,text,true,,71169,116,43,43,https://www.shohoz.com/,8598,0,190
1680194227165,10466,HTTP Request,200,OK,newuser 1-99,text,true,,71161,116,42,42,https://www.shohoz.com/,4600,0,200
1680194226036,11663,HTTP Request,200,OK,newuser 1-43,text,true,,71167,116,41,41,https://www.shohoz.com/,4290,0,245
1680194226983,10721,HTTP Request,200,OK,newuser 1-90,text,true,,71165,116,40,40,https://www.shohoz.com/,8851,0,194
1680194227041,10673,HTTP Request,200,OK,newuser 1-93,text,true,,71161,116,39,39,https://www.shohoz.com/,5489,0,192
1680194225870,11863,HTTP Request,200,OK,newuser 1-34,text,true,,71194,116,38,38,https://www.shohoz.com/,9129,0,240
1680194225571,12180,HTTP Request,200,OK,newuser 1-20,text,true,,71169,116,37,37,https://www.shohoz.com/,4938,0,446
1680194225555,12226,HTTP Request,200,OK,newuser 1-19,text,true,,71176,116,36,36,https://www.shohoz.com/,5193,0,457
1680194225865,11919,HTTP Request,200,OK,newuser 1-32,text,true,,71173,116,35,35,https://www.shohoz.com/,8902,0,250
1680194226961,10850,HTTP Request,200,OK,newuser 1-89,text,true,,71173,116,34,34,https://www.shohoz.com/,5999,0,191
1680194226071,11765,HTTP Request,200,OK,newuser 1-44,text,true,,71165,116,33,33,https://www.shohoz.com/,5894,0,219
1680194226624,11251,HTTP Request,200,OK,newuser 1-72,text,true,,71176,116,32,32,https://www.shohoz.com/,7001,0,1377
1680194225856,12089,HTTP Request,200,OK,newuser 1-29,text,true,,71165,116,31,31,https://www.shohoz.com/,5607,0,249
1680194226842,11118,HTTP Request,200,OK,newuser 1-83,text,true,,71169,116,30,30,https://www.shohoz.com/,7582,0,192
1680194225982,11992,HTTP Request,200,OK,newuser 1-38,text,true,,71169,116,29,29,https://www.shohoz.com/,5995,0,217
1680194226785,11222,HTTP Request,200,OK,newuser 1-80,text,true,,71173,116,28,28,https://www.shohoz.com/,4667,0,209
1680194226205,11895,HTTP Request,200,OK,newuser 1-51,text,true,,71171,116,27,27,https://www.shohoz.com/,4389,0,192
1680194226767,11436,HTTP Request,200,OK,newuser 1-79,text,true,,71165,116,26,26,https://www.shohoz.com/,5217,0,200
1680194226942,11284,HTTP Request,200,OK,newuser 1-88,text,true,,71167,116,25,25,https://www.shohoz.com/,5381,0,192
1680194227001,11359,HTTP Request,200,OK,newuser 1-91,text,true,,71167,116,24,24,https://www.shohoz.com/,5517,0,199
1680194226586,11790,HTTP Request,200,OK,newuser 1-70,text,true,,71177,116,23,23,https://www.shohoz.com/,11037,0,1190
1680194226466,12115,HTTP Request,200,OK,newuser 1-64,text,true,,71169,116,22,22,https://www.shohoz.com/,7015,0,207
1680194227100,11650,HTTP Request,200,OK,newuser 1-96,text,true,,71169,116,21,21,https://www.shohoz.com/,5692,0,194
1680194226346,13179,HTTP Request,200,OK,newuser 1-58,text,true,,71169,116,20,20,https://www.shohoz.com/,12763,0,195
1680194225672,13933,HTTP Request,200,OK,newuser 1-25,text,true,,71161,116,19,19,https://www.shohoz.com/,13394,0,346
1680194225992,13628,HTTP Request,200,OK,newuser 1-39,text,true,,71169,116,18,18,https://www.shohoz.com/,13331,0,221
1680194225327,14322,HTTP Request,200,OK,newuser 1-3,text,true,,71165,116,17,17,https://www.shohoz.com/,13997,0,663
1680194226265,13398,HTTP Request,200,OK,newuser 1-54,text,true,,71171,116,16,16,https://www.shohoz.com/,5591,0,195
1680194226509,13540,HTTP Request,200,OK,newuser 1-66,text,true,,71169,116,15,15,https://www.shohoz.com/,13118,0,255
1680194226242,13833,HTTP Request,200,OK,newuser 1-52,text,true,,71169,116,14,14,https://www.shohoz.com/,13469,0,191
1680194226446,13813,HTTP Request,200,OK,newuser 1-63,text,true,,71167,116,13,13,https://www.shohoz.com/,13388,0,275
1680194226286,14162,HTTP Request,200,OK,newuser 1-55,text,true,,71165,116,12,12,https://www.shohoz.com/,13559,0,190
1680194226525,14188,HTTP Request,200,OK,newuser 1-67,text,true,,71181,116,11,11,https://www.shohoz.com/,13240,0,338
1680194225995,14793,HTTP Request,200,OK,newuser 1-41,text,true,,71169,116,10,10,https://www.shohoz.com/,13856,0,219
1680194226364,14480,HTTP Request,200,OK,newuser 1-59,text,true,,71168,116,9,9,https://www.shohoz.com/,14179,0,198
1680194226175,14922,HTTP Request,200,OK,newuser 1-49,text,true,,71167,116,8,8,https://www.shohoz.com/,14565,0,210
1680194225868,15478,HTTP Request,200,OK,newuser 1-33,text,true,,71161,116,7,7,https://www.shohoz.com/,3941,0,243
1680194225822,16094,HTTP Request,200,OK,newuser 1-28,text,true,,71169,116,6,6,https://www.shohoz.com/,5175,0,228
1680194225977,16147,HTTP Request,200,OK,newuser 1-35,text,true,,71173,116,5,5,https://www.shohoz.com/,4261,0,215
1680194225478,16792,HTTP Request,200,OK,newuser 1-15,text,true,,71174,116,4,4,https://www.shohoz.com/,3330,0,534
1680194226922,15492,HTTP Request,200,OK,newuser 1-87,text,true,,71167,116,3,3,https://www.shohoz.com/,14962,0,189
1680194226605,16162,HTTP Request,200,OK,newuser 1-71,text,true,,71165,116,2,2,https://www.shohoz.com/,4363,0,198
1680194226824,23608,HTTP Request,200,OK,newuser 1-82,text,true,,71161,116,1,1,https://www.shohoz.com/,23252,0,207
